method,precision,recall,f1,roc_auc,count_error,mean_timing_err_sec,tp,fp,fn,runtime_sec
Pose (MediaPipe),1.0,1.0,1.0,0.9436,0,0.058,15,0,0,10.166987657546997
RAFT,1.0,1.0,1.0,0.8121,0,0.087,15,0,0,18.688371658325195
Dense Flow,0.9333,0.9333,0.9333,0.4568,0,0.098,14,1,1,34.563072204589844
Sparse LK,0.8,0.8,0.8,0.6811,0,0.097,12,3,3,0.856834888458252
DTW,0.6,0.6,0.6,0.4594,0,0.093,9,6,6,36.138739585876465
Pixel Difference,0.5,0.6,0.5455,0.4861,3,0.059,9,9,6,0.2745063304901123
Dense Points LK,0.1875,0.2,0.1935,0.3936,1,0.167,3,13,12,1.5315611362457275
