method,precision,recall,f1,roc_auc,count_error,mean_timing_err_sec,tp,fp,fn,runtime_sec
Sparse LK,0.9167,1.0,0.9565,0.6735,1,0.059,11,1,0,1.3849737644195557
Dense Points LK,0.9167,1.0,0.9565,0.715,1,0.058,11,1,0,1.3471786975860596
Dense Flow,0.9167,1.0,0.9565,0.6708,1,0.061,11,1,0,51.54210662841797
DTW,0.9091,0.9091,0.9091,0.7867,0,0.05,10,1,1,33.75918412208557
RAFT,0.7143,0.9091,0.8,0.7466,3,0.052,10,4,1,19.150884866714478
Pixel Difference,0.6923,0.8182,0.75,0.7484,2,0.091,9,4,2,0.2619481086730957
Pose (MediaPipe),0.7273,0.7273,0.7273,0.7077,0,0.071,8,3,3,11.181381702423096
