method,precision,recall,f1,roc_auc,count_error,mean_timing_err_sec,tp,fp,fn,runtime_sec
RAFT,0.5833,0.7778,0.6667,0.5246,3,0.067,7,5,2,7.639538526535034
DTW,0.6,0.6667,0.6316,0.6131,1,0.039,6,4,3,10.416763305664062
Sparse LK,0.4167,0.5556,0.4762,0.3956,3,0.093,5,7,4,0.585813045501709
Pose (MediaPipe),0.3,0.3333,0.3158,0.6081,1,0.056,3,7,6,4.2803802490234375
Dense Flow,0.25,0.3333,0.2857,0.3537,3,0.056,3,9,6,10.302109003067017
Dense Points LK,0.1818,0.2222,0.2,0.2835,2,0.033,2,9,7,0.7770864963531494
Pixel Difference,0.1818,0.2222,0.2,0.3157,2,0.083,2,9,7,0.09467744827270508
