method,precision,recall,f1,roc_auc,count_error,mean_timing_err_sec,tp,fp,fn,runtime_sec
RAFT,0.5333,0.7273,0.6154,0.4962,4,0.077,8,7,3,25.884214401245117
Pixel Difference,0.5,0.6364,0.56,0.3502,3,0.083,7,7,4,0.2672858238220215
Pose (MediaPipe),0.3333,0.3636,0.3478,0.5823,1,0.075,4,8,7,14.615533351898193
DTW,0.2727,0.2727,0.2727,0.4372,0,0.044,3,8,8,39.88339400291443
Dense Flow,0.1818,0.1818,0.1818,0.4159,0,0.117,2,9,9,40.692147731781006
Dense Points LK,0.1538,0.1818,0.1667,0.4004,2,0.083,2,11,9,1.751021385192871
Sparse LK,0.0667,0.0909,0.0769,0.2882,4,0.167,1,14,10,2.0684597492218018
