method,precision,recall,f1,roc_auc,count_error,mean_timing_err_sec,tp,fp,fn,runtime_sec
RAFT,1.0,1.0,1.0,0.8687,0,0.035,11,0,0,18.424501419067383
DTW,1.0,0.9091,0.9524,0.7405,-1,0.017,10,0,1,32.471222162246704
ViT Features,0.7692,0.9091,0.8333,0.726,2,0.115,10,3,1,14.68253779411316
Dense Flow,0.6364,0.6364,0.6364,0.6516,0,0.133,7,4,4,27.342775583267212
Sparse LK,0.6364,0.6364,0.6364,0.6149,0,0.131,7,4,4,1.6134836673736572
Pose (MediaPipe),0.4545,0.4545,0.4545,0.482,0,0.103,5,6,6,24.35010838508606
MiDaS Depth,0.3846,0.4545,0.4167,0.6027,2,0.08,5,8,6,8.385847568511963
Pixel Difference,0.2727,0.2727,0.2727,0.5173,0,0.083,3,8,8,0.21509099006652832
Dense Points LK,0.1818,0.1818,0.1818,0.4135,0,0.125,2,9,9,1.951603889465332
